{"people":[{"Person":{"id":"796","Abteilung":"","Email":"ulrike.feudel@uni-potsdam.de","Fax":"","Nachname":"Feudel","Namenszusatz":"","Raum":"","show_only_altPhone":"Nein","Struktureinheiten":"","Suchbegriffe":"","Telefon":"","Vorname":"Ulrike","zweitesTelefon":"","PCFax":"","gueltigbis":"","Titel":""}},{"Person":{"id":"710","Abteilung":"","Email":"ulrike.engler@uni-potsdam.de","Fax":"","Nachname":"Engler","Namenszusatz":"","Raum":"","show_only_altPhone":"","Struktureinheiten":"","Suchbegriffe":"","Telefon":"+493319676351","Vorname":"Ulrike","zweitesTelefon":"","PCFax":"","gueltigbis":"","Titel":""}},{"Person":{"id":"851","Abteilung":"Deutsche Sprache der Gegenwart","Email":"ulrike.freywald@uni-potsdam.de","Fax":"","Nachname":"Freywald","Namenszusatz":"","Raum":"NP_05_1.01","show_only_altPhone":"Nein","Struktureinheiten":"Deutsche Sprache der Gegenwart","Suchbegriffe":"","Telefon":"4221","Vorname":"Ulrike","zweitesTelefon":"","PCFax":"","gueltigbis":"","Titel":""}},{"Person":{"id":"590","Abteilung":"Geschichte und Variation der deutschen Sprache","Email":"ulrike.demske@uni-potsdam.de; VP-Demske@uni-potsdam.de","Fax":"","Nachname":"Demske","Namenszusatz":"","Raum":"NP_05_1.10","show_only_altPhone":"Nein","Struktureinheiten":"Geschichte und Variation der deutschen Sprache,Pr&#228;sidium","Suchbegriffe":"Inhaber,4210 Sekr.Kr&#252;ger,Vizepr&#228;.f.Intern.Alumni u.Fundraising, NP.9.1Z2.09","Telefon":"4228","Vorname":"Ulrike","zweitesTelefon":"1088","PCFax":"","gueltigbis":"","Titel":"Prof. Dr."}},{"Person":{"id":"833","Abteilung":"Department Linguistik","Email":"ufrank@uni-potsdam.de","Fax":"","Nachname":"Frank","Namenszusatz":"","Raum":"GO_14_2.03","show_only_altPhone":"Nein","Struktureinheiten":"Department Linguistik, Neurokognition der Sprache\/kognitive Neurolinguistik","Suchbegriffe":"Koordinatorin f&#252;r das SOKRATES-\/ERASMUS-Progamm, x, Dozentenaustausch","Telefon":"2970","Vorname":"Ulrike","zweitesTelefon":"","PCFax":"","gueltigbis":"","Titel":"Dr. phil."}}]}